Channel,Total Spend,Contribution %,Estimated ROI,Adstock Decay
Google,8302911.34,2.0974093134384333,0.49135645935351135,0.1
Meta,4133703.15,19.50812265482372,9.179522056159735,0.1
LinkedIn,702163.94,8.692248477891368,24.078946863024544,0.1
TV,3104640.17,67.2665866450481,42.14363540682632,0.1
Email,240096.79000000004,2.4356329087983832,19.731920525462446,0.1
