channel,shapley_value,removal_effect,shapley_pct,removal_pct
Google,-4.817764391933326,0.0,0,0
LinkedIn,-7.248183634715155,0.0,0,0
Meta,-7.431173032149216,0.0,0,0
Direct,-8.752990573613532,0.0,0,0
Email,-11.164755937655912,-5.997613427919323,0,0
