Channel,Total Spend,Contribution %,Estimated ROI,Adstock (theta),Saturation (alpha)
Google,8302911.34,1.4331784539696217,0.10336301164382905,0.1,3.0
Meta,4133703.15,3.8949711286280935,0.5642352850181732,0.5247674152419207,0.5
LinkedIn,702163.94,0.4041371173114122,0.34465572887848095,0.26724100857244354,3.0
TV,3104640.17,3.3045445706420304,0.6373758823161426,0.9,3.0
Email,240096.79000000004,0.16851303204668525,0.4202835808674928,0.9,0.5
