Channel,Total Spend,Contribution %,Estimated ROI,Adstock (theta),Saturation (alpha)
Google,8302911.34,1.4322307891982495,0.10328507715523512,0.1,3.0
Meta,4133703.15,2.9173789165149464,0.42257959963144914,0.547488328406474,0.5
LinkedIn,702163.94,0.40456737041784036,0.3449906329730568,0.2666581903179505,3.0
TV,3104640.17,3.3038451351455604,0.6371818296264056,0.9,3.0
Email,240096.79000000004,0.13568284723759716,0.3383713372969443,0.9,0.5
