Channel,Total Spend,Contribution %,Estimated ROI,Adstock (theta),Saturation (alpha)
Google,8302911.34,1.4326517666099172,0.10333382794580966,0.1,3.0
Meta,4133703.15,3.891597236269299,0.5637945575520827,0.5254655378614034,0.5
LinkedIn,702163.94,0.403525476181948,0.3441634250713289,0.267394481929625,3.0
TV,3104640.17,3.2988126966852516,0.6363245275939909,0.9,3.0
Email,240096.79000000004,0.13659617845836297,0.34070968129077506,0.9,0.5
